Compound,DateHapp,Negative,Neutral,Positive,Tweets Ago,source
0.3291,2017-12-02 21:59:04+00:00,0.895,0.0,0.105,100,BBC
0.0,2017-12-03 00:21:41+00:00,1.0,0.0,0.0,100,fox
0.6369,2017-12-03 05:28:40+00:00,0.588,0.0,0.412,100,nytimes
0.2732,2017-12-03 05:30:06+00:00,0.896,0.0,0.104,100,CNN
0.6166,2017-12-02 15:55:39+00:00,0.825,0.0,0.175,100,CBS
0.2023,2017-12-03 05:11:53+00:00,0.663,0.148,0.189,99,nytimes
0.0,2017-12-02 20:00:05+00:00,1.0,0.0,0.0,99,BBC
0.8904,2017-12-02 04:47:26+00:00,0.274,0.0,0.726,99,fox
0.1867,2017-12-02 14:30:03+00:00,0.902,0.0,0.098,99,CBS
0.4019,2017-12-03 05:15:08+00:00,0.847,0.0,0.153,99,CNN
0.4215,2017-12-03 05:00:08+00:00,0.877,0.0,0.123,98,nytimes
0.8074,2017-12-03 05:00:13+00:00,0.644,0.0,0.356,98,CNN
0.6369,2017-12-02 19:57:21+00:00,0.811,0.0,0.189,98,BBC
0.6996,2017-12-02 13:00:07+00:00,0.821,0.0,0.179,98,CBS
0.4215,2017-12-02 04:46:50+00:00,0.877,0.0,0.123,98,fox
-0.6369,2017-12-03 04:46:01+00:00,0.42,0.346,0.234,97,CNN
-0.2481,2017-12-02 04:34:43+00:00,0.686,0.177,0.137,97,fox
0.7096,2017-12-03 04:59:05+00:00,0.688,0.0,0.312,97,nytimes
-0.3595,2017-12-02 12:00:03+00:00,0.872,0.128,0.0,97,CBS
0.0,2017-12-02 19:49:59+00:00,1.0,0.0,0.0,97,BBC
0.0,2017-12-02 04:33:29+00:00,1.0,0.0,0.0,96,fox
0.3612,2017-12-01 22:43:05+00:00,0.884,0.0,0.116,96,CBS
0.0,2017-12-03 04:31:07+00:00,1.0,0.0,0.0,96,CNN
0.5093,2017-12-02 19:48:25+00:00,0.829,0.0,0.171,96,BBC
-0.7506,2017-12-03 04:47:04+00:00,0.758,0.242,0.0,96,nytimes
0.2023,2017-12-02 19:30:03+00:00,0.674,0.131,0.195,95,BBC
0.0,2017-12-03 04:37:03+00:00,1.0,0.0,0.0,95,nytimes
0.765,2017-12-02 04:15:03+00:00,0.752,0.0,0.248,95,fox
-0.5574,2017-12-03 04:15:06+00:00,0.662,0.338,0.0,95,CNN
0.4199,2017-12-01 22:15:28+00:00,0.866,0.0,0.134,95,CBS
0.1531,2017-12-03 04:24:07+00:00,0.593,0.193,0.215,94,nytimes
0.0,2017-12-03 04:00:26+00:00,1.0,0.0,0.0,94,CNN
0.7707,2017-12-01 21:00:12+00:00,0.718,0.0,0.282,94,CBS
0.5106,2017-12-02 18:30:02+00:00,0.471,0.178,0.351,94,BBC
0.4404,2017-12-01 05:51:08+00:00,0.497,0.161,0.342,94,fox
0.8126,2017-12-03 04:11:03+00:00,0.641,0.0,0.359,93,nytimes
0.0,2017-12-02 18:02:04+00:00,1.0,0.0,0.0,93,BBC
0.0,2017-12-01 20:17:18+00:00,1.0,0.0,0.0,93,CBS
-0.4404,2017-12-03 03:45:03+00:00,0.838,0.162,0.0,93,CNN
0.0,2017-12-01 05:48:18+00:00,1.0,0.0,0.0,93,fox
0.0,2017-12-01 03:04:01+00:00,1.0,0.0,0.0,92,fox
0.2263,2017-12-02 17:30:05+00:00,0.863,0.0,0.137,92,BBC
0.0,2017-12-03 04:00:34+00:00,1.0,0.0,0.0,92,nytimes
0.8221,2017-12-01 19:32:18+00:00,0.691,0.0,0.309,92,CBS
0.0,2017-12-03 03:31:41+00:00,1.0,0.0,0.0,92,CNN
0.2732,2017-12-03 03:48:06+00:00,0.9,0.0,0.1,91,nytimes
0.5984,2017-11-30 23:08:54+00:00,0.786,0.0,0.214,91,fox
-0.25,2017-12-03 03:15:06+00:00,0.867,0.133,0.0,91,CNN
-0.2401,2017-12-02 16:33:03+00:00,0.897,0.103,0.0,91,BBC
0.0,2017-12-01 18:40:34+00:00,1.0,0.0,0.0,91,CBS
0.5574,2017-11-30 20:41:13+00:00,0.827,0.0,0.173,90,fox
0.0,2017-12-03 03:00:31+00:00,1.0,0.0,0.0,90,CNN
0.4019,2017-12-03 03:35:05+00:00,0.856,0.0,0.144,90,nytimes
0.0,2017-12-01 18:16:37+00:00,1.0,0.0,0.0,90,CBS
0.0,2017-12-02 16:00:03+00:00,1.0,0.0,0.0,90,BBC
-0.296,2017-12-03 02:45:04+00:00,0.864,0.136,0.0,89,CNN
-0.7269,2017-12-03 03:25:05+00:00,0.724,0.276,0.0,89,nytimes
0.0,2017-12-01 18:10:11+00:00,1.0,0.0,0.0,89,CBS
0.4404,2017-12-02 15:05:11+00:00,0.861,0.0,0.139,89,BBC
0.4023,2017-11-30 10:00:47+00:00,0.895,0.0,0.105,89,fox
-0.5423,2017-12-02 15:00:05+00:00,0.72,0.28,0.0,88,BBC
0.6486,2017-11-30 05:49:08+00:00,0.773,0.0,0.227,88,fox
-0.802,2017-12-03 02:30:14+00:00,0.702,0.298,0.0,88,CNN
0.0,2017-12-03 03:12:04+00:00,1.0,0.0,0.0,88,nytimes
0.6893,2017-12-01 14:00:04+00:00,0.749,0.0,0.251,88,CBS
-0.5574,2017-11-30 05:37:35+00:00,0.769,0.231,0.0,87,fox
0.0,2017-12-03 02:15:02+00:00,1.0,0.0,0.0,87,CNN
0.0,2017-12-03 03:00:12+00:00,1.0,0.0,0.0,87,nytimes
0.0258,2017-12-02 14:53:58+00:00,0.657,0.152,0.19,87,BBC
0.1901,2017-12-01 12:00:03+00:00,0.907,0.0,0.093,87,CBS
0.6952,2017-12-02 14:52:52+00:00,0.758,0.0,0.242,86,BBC
0.7783,2017-12-03 02:50:03+00:00,0.63,0.0,0.37,86,nytimes
0.296,2017-12-01 01:31:30+00:00,0.872,0.0,0.128,86,CBS
0.0,2017-12-03 02:00:17+00:00,1.0,0.0,0.0,86,CNN
0.3182,2017-11-30 04:54:56+00:00,0.909,0.0,0.091,86,fox
0.0,2017-12-03 02:37:51+00:00,1.0,0.0,0.0,85,nytimes
0.0,2017-12-02 14:52:22+00:00,1.0,0.0,0.0,85,BBC
0.0,2017-11-30 21:10:19+00:00,1.0,0.0,0.0,85,CBS
-0.5574,2017-12-03 01:45:05+00:00,0.685,0.315,0.0,85,CNN
0.8834,2017-11-30 04:36:36+00:00,0.474,0.0,0.526,85,fox
0.6115,2017-11-30 20:54:39+00:00,0.773,0.0,0.227,84,CBS
0.4019,2017-11-30 04:34:44+00:00,0.881,0.0,0.119,84,fox
0.7884,2017-12-02 14:51:55+00:00,0.782,0.0,0.218,84,BBC
-0.4404,2017-12-03 01:30:18+00:00,0.775,0.225,0.0,84,CNN
0.7269,2017-12-03 02:32:11+00:00,0.643,0.0,0.357,84,nytimes
0.0,2017-12-03 01:15:08+00:00,1.0,0.0,0.0,83,CNN
0.0,2017-12-03 02:14:57+00:00,1.0,0.0,0.0,83,nytimes
0.765,2017-12-02 14:30:04+00:00,0.708,0.0,0.292,83,BBC
0.0,2017-11-30 17:40:02+00:00,1.0,0.0,0.0,83,CBS
-0.3182,2017-11-30 04:33:38+00:00,0.897,0.103,0.0,83,fox
0.0,2017-12-02 13:47:35+00:00,1.0,0.0,0.0,82,BBC
0.2732,2017-11-30 03:58:45+00:00,0.916,0.0,0.084,82,fox
0.6808,2017-11-30 17:30:05+00:00,0.752,0.0,0.248,82,CBS
-0.7351,2017-12-03 02:00:09+00:00,0.733,0.267,0.0,82,nytimes
0.7096,2017-12-03 01:00:15+00:00,0.753,0.0,0.247,82,CNN
-0.3818,2017-12-02 13:33:03+00:00,0.843,0.157,0.0,81,BBC
0.3612,2017-11-30 15:00:05+00:00,0.865,0.0,0.135,81,CBS
-0.3612,2017-12-03 00:58:24+00:00,0.73,0.167,0.103,81,CNN
-0.5719,2017-12-03 01:36:04+00:00,0.821,0.179,0.0,81,nytimes
0.0,2017-11-30 03:16:02+00:00,1.0,0.0,0.0,81,fox
0.0,2017-12-03 00:21:41+00:00,1.0,0.0,0.0,80,fox
0.6166,2017-12-02 15:55:39+00:00,0.825,0.0,0.175,80,CBS
0.2732,2017-12-03 05:30:06+00:00,0.896,0.0,0.104,80,CNN
0.3291,2017-12-02 21:59:04+00:00,0.895,0.0,0.105,80,BBC
0.6369,2017-12-03 05:28:40+00:00,0.588,0.0,0.412,80,nytimes
0.8904,2017-12-02 04:47:26+00:00,0.274,0.0,0.726,79,fox
0.1867,2017-12-02 14:30:03+00:00,0.902,0.0,0.098,79,CBS
0.2023,2017-12-03 05:11:53+00:00,0.663,0.148,0.189,79,nytimes
0.4019,2017-12-03 05:15:08+00:00,0.847,0.0,0.153,79,CNN
0.0,2017-12-02 20:00:05+00:00,1.0,0.0,0.0,79,BBC
0.8074,2017-12-03 05:00:13+00:00,0.644,0.0,0.356,78,CNN
0.4215,2017-12-02 04:46:50+00:00,0.877,0.0,0.123,78,fox
0.6996,2017-12-02 13:00:07+00:00,0.821,0.0,0.179,78,CBS
0.4215,2017-12-03 05:00:08+00:00,0.877,0.0,0.123,78,nytimes
0.6369,2017-12-02 19:57:21+00:00,0.811,0.0,0.189,78,BBC
-0.3595,2017-12-02 12:00:03+00:00,0.872,0.128,0.0,77,CBS
-0.6369,2017-12-03 04:46:01+00:00,0.42,0.346,0.234,77,CNN
0.7096,2017-12-03 04:59:05+00:00,0.688,0.0,0.312,77,nytimes
-0.2481,2017-12-02 04:34:43+00:00,0.686,0.177,0.137,77,fox
0.0,2017-12-02 19:49:59+00:00,1.0,0.0,0.0,77,BBC
-0.7506,2017-12-03 04:47:04+00:00,0.758,0.242,0.0,76,nytimes
0.0,2017-12-02 04:33:29+00:00,1.0,0.0,0.0,76,fox
0.3612,2017-12-01 22:43:05+00:00,0.884,0.0,0.116,76,CBS
0.5093,2017-12-02 19:48:25+00:00,0.829,0.0,0.171,76,BBC
0.0,2017-12-03 04:31:07+00:00,1.0,0.0,0.0,76,CNN
0.0,2017-12-03 04:37:03+00:00,1.0,0.0,0.0,75,nytimes
0.2023,2017-12-02 19:30:03+00:00,0.674,0.131,0.195,75,BBC
0.765,2017-12-02 04:15:03+00:00,0.752,0.0,0.248,75,fox
0.4199,2017-12-01 22:15:28+00:00,0.866,0.0,0.134,75,CBS
-0.5574,2017-12-03 04:15:06+00:00,0.662,0.338,0.0,75,CNN
0.0,2017-12-03 04:00:26+00:00,1.0,0.0,0.0,74,CNN
0.4404,2017-12-01 05:51:08+00:00,0.497,0.161,0.342,74,fox
0.7707,2017-12-01 21:00:12+00:00,0.718,0.0,0.282,74,CBS
0.5106,2017-12-02 18:30:02+00:00,0.471,0.178,0.351,74,BBC
0.1531,2017-12-03 04:24:07+00:00,0.593,0.193,0.215,74,nytimes
-0.4404,2017-12-03 03:45:03+00:00,0.838,0.162,0.0,73,CNN
0.8126,2017-12-03 04:11:03+00:00,0.641,0.0,0.359,73,nytimes
0.0,2017-12-01 20:17:18+00:00,1.0,0.0,0.0,73,CBS
0.0,2017-12-01 05:48:18+00:00,1.0,0.0,0.0,73,fox
0.0,2017-12-02 18:02:04+00:00,1.0,0.0,0.0,73,BBC
0.2263,2017-12-02 17:30:05+00:00,0.863,0.0,0.137,72,BBC
0.0,2017-12-03 03:31:41+00:00,1.0,0.0,0.0,72,CNN
0.8221,2017-12-01 19:32:18+00:00,0.691,0.0,0.309,72,CBS
0.0,2017-12-01 03:04:01+00:00,1.0,0.0,0.0,72,fox
0.0,2017-12-03 04:00:34+00:00,1.0,0.0,0.0,72,nytimes
0.0,2017-12-01 18:40:34+00:00,1.0,0.0,0.0,71,CBS
0.2732,2017-12-03 03:48:06+00:00,0.9,0.0,0.1,71,nytimes
-0.2401,2017-12-02 16:33:03+00:00,0.897,0.103,0.0,71,BBC
0.5984,2017-11-30 23:08:54+00:00,0.786,0.0,0.214,71,fox
-0.25,2017-12-03 03:15:06+00:00,0.867,0.133,0.0,71,CNN
0.0,2017-12-02 16:00:03+00:00,1.0,0.0,0.0,70,BBC
0.0,2017-12-01 18:16:37+00:00,1.0,0.0,0.0,70,CBS
0.5574,2017-11-30 20:41:13+00:00,0.827,0.0,0.173,70,fox
0.0,2017-12-03 03:00:31+00:00,1.0,0.0,0.0,70,CNN
0.4019,2017-12-03 03:35:05+00:00,0.856,0.0,0.144,70,nytimes
0.0,2017-12-01 18:10:11+00:00,1.0,0.0,0.0,69,CBS
-0.296,2017-12-03 02:45:04+00:00,0.864,0.136,0.0,69,CNN
-0.7269,2017-12-03 03:25:05+00:00,0.724,0.276,0.0,69,nytimes
0.4404,2017-12-02 15:05:11+00:00,0.861,0.0,0.139,69,BBC
0.4023,2017-11-30 10:00:47+00:00,0.895,0.0,0.105,69,fox
0.0,2017-12-03 03:12:04+00:00,1.0,0.0,0.0,68,nytimes
-0.802,2017-12-03 02:30:14+00:00,0.702,0.298,0.0,68,CNN
-0.5423,2017-12-02 15:00:05+00:00,0.72,0.28,0.0,68,BBC
0.6486,2017-11-30 05:49:08+00:00,0.773,0.0,0.227,68,fox
0.6893,2017-12-01 14:00:04+00:00,0.749,0.0,0.251,68,CBS
0.0,2017-12-03 03:00:12+00:00,1.0,0.0,0.0,67,nytimes
0.0258,2017-12-02 14:53:58+00:00,0.657,0.152,0.19,67,BBC
-0.5574,2017-11-30 05:37:35+00:00,0.769,0.231,0.0,67,fox
0.1901,2017-12-01 12:00:03+00:00,0.907,0.0,0.093,67,CBS
0.0,2017-12-03 02:15:02+00:00,1.0,0.0,0.0,67,CNN
0.296,2017-12-01 01:31:30+00:00,0.872,0.0,0.128,66,CBS
0.0,2017-12-03 02:00:17+00:00,1.0,0.0,0.0,66,CNN
0.3182,2017-11-30 04:54:56+00:00,0.909,0.0,0.091,66,fox
0.7783,2017-12-03 02:50:03+00:00,0.63,0.0,0.37,66,nytimes
0.6952,2017-12-02 14:52:52+00:00,0.758,0.0,0.242,66,BBC
0.0,2017-11-30 21:10:19+00:00,1.0,0.0,0.0,65,CBS
0.0,2017-12-02 14:52:22+00:00,1.0,0.0,0.0,65,BBC
0.8834,2017-11-30 04:36:36+00:00,0.474,0.0,0.526,65,fox
-0.5574,2017-12-03 01:45:05+00:00,0.685,0.315,0.0,65,CNN
0.0,2017-12-03 02:37:51+00:00,1.0,0.0,0.0,65,nytimes
0.7884,2017-12-02 14:51:55+00:00,0.782,0.0,0.218,64,BBC
0.4019,2017-11-30 04:34:44+00:00,0.881,0.0,0.119,64,fox
-0.4404,2017-12-03 01:30:18+00:00,0.775,0.225,0.0,64,CNN
0.6115,2017-11-30 20:54:39+00:00,0.773,0.0,0.227,64,CBS
0.7269,2017-12-03 02:32:11+00:00,0.643,0.0,0.357,64,nytimes
0.765,2017-12-02 14:30:04+00:00,0.708,0.0,0.292,63,BBC
0.0,2017-12-03 02:14:57+00:00,1.0,0.0,0.0,63,nytimes
0.0,2017-11-30 17:40:02+00:00,1.0,0.0,0.0,63,CBS
-0.3182,2017-11-30 04:33:38+00:00,0.897,0.103,0.0,63,fox
0.0,2017-12-03 01:15:08+00:00,1.0,0.0,0.0,63,CNN
0.6808,2017-11-30 17:30:05+00:00,0.752,0.0,0.248,62,CBS
-0.7351,2017-12-03 02:00:09+00:00,0.733,0.267,0.0,62,nytimes
0.2732,2017-11-30 03:58:45+00:00,0.916,0.0,0.084,62,fox
0.7096,2017-12-03 01:00:15+00:00,0.753,0.0,0.247,62,CNN
0.0,2017-12-02 13:47:35+00:00,1.0,0.0,0.0,62,BBC
0.3612,2017-11-30 15:00:05+00:00,0.865,0.0,0.135,61,CBS
0.0,2017-11-30 03:16:02+00:00,1.0,0.0,0.0,61,fox
-0.3818,2017-12-02 13:33:03+00:00,0.843,0.157,0.0,61,BBC
-0.5719,2017-12-03 01:36:04+00:00,0.821,0.179,0.0,61,nytimes
-0.3612,2017-12-03 00:58:24+00:00,0.73,0.167,0.103,61,CNN
0.0,2017-11-30 12:00:03+00:00,1.0,0.0,0.0,60,CBS
-0.2144,2017-11-30 02:32:28+00:00,0.812,0.188,0.0,60,fox
0.0,2017-12-03 00:45:04+00:00,1.0,0.0,0.0,60,CNN
-0.7351,2017-12-03 01:30:02+00:00,0.592,0.408,0.0,60,nytimes
0.0,2017-12-02 13:03:03+00:00,1.0,0.0,0.0,60,BBC
-0.3595,2017-11-30 07:52:09+00:00,0.872,0.128,0.0,59,CBS
0.0,2017-11-30 02:31:28+00:00,1.0,0.0,0.0,59,fox
-0.296,2017-12-03 00:34:42+00:00,0.905,0.095,0.0,59,CNN
0.0,2017-12-02 12:33:04+00:00,1.0,0.0,0.0,59,BBC
0.0,2017-12-03 01:16:46+00:00,1.0,0.0,0.0,59,nytimes
0.6239,2017-11-30 04:09:55+00:00,0.55,0.0,0.45,58,CBS
0.3818,2017-12-03 01:09:58+00:00,0.867,0.0,0.133,58,nytimes
-0.7065,2017-11-30 01:34:39+00:00,0.567,0.304,0.129,58,fox
0.0,2017-12-03 00:30:21+00:00,1.0,0.0,0.0,58,CNN
-0.1027,2017-12-02 12:00:07+00:00,0.775,0.12,0.105,58,BBC
0.0,2017-12-02 11:24:49+00:00,1.0,0.0,0.0,57,BBC
-0.4215,2017-12-03 00:48:31+00:00,0.588,0.412,0.0,57,nytimes
0.0,2017-11-30 04:00:27+00:00,1.0,0.0,0.0,57,CBS
-0.1779,2017-11-30 01:25:48+00:00,0.815,0.107,0.077,57,fox
-0.4215,2017-12-03 00:15:11+00:00,0.851,0.149,0.0,57,CNN
0.4019,2017-12-03 00:00:15+00:00,0.863,0.0,0.137,56,CNN
0.4939,2017-11-30 01:23:14+00:00,0.61,0.0,0.39,56,fox
0.5542,2017-11-30 03:59:09+00:00,0.796,0.0,0.204,56,CBS
0.0,2017-12-02 11:00:08+00:00,1.0,0.0,0.0,56,BBC
0.4588,2017-12-03 00:44:42+00:00,0.833,0.0,0.167,56,nytimes
0.8221,2017-11-30 01:11:27+00:00,0.677,0.0,0.323,55,fox
-0.6801,2017-12-02 10:30:06+00:00,0.728,0.272,0.0,55,BBC
0.0,2017-11-30 03:55:37+00:00,1.0,0.0,0.0,55,CBS
0.0,2017-12-03 00:27:38+00:00,1.0,0.0,0.0,55,nytimes
0.0,2017-12-02 23:45:06+00:00,1.0,0.0,0.0,55,CNN
-0.4222,2017-12-02 23:35:02+00:00,0.82,0.127,0.053,54,CNN
0.34,2017-11-30 01:09:23+00:00,0.888,0.0,0.112,54,fox
0.7845,2017-12-02 10:00:03+00:00,0.711,0.0,0.289,54,BBC
0.0,2017-11-30 03:51:38+00:00,1.0,0.0,0.0,54,CBS
0.25,2017-12-03 00:00:11+00:00,0.9,0.0,0.1,54,nytimes
0.1065,2017-12-02 09:04:04+00:00,0.617,0.176,0.208,53,BBC
0.0,2017-11-30 00:01:30+00:00,1.0,0.0,0.0,53,fox
-0.4215,2017-12-02 23:46:02+00:00,0.865,0.135,0.0,53,nytimes
0.0,2017-11-30 03:44:54+00:00,1.0,0.0,0.0,53,CBS
-0.5859,2017-12-02 23:30:11+00:00,0.714,0.286,0.0,53,CNN
0.7482,2017-11-30 03:37:13+00:00,0.566,0.0,0.434,52,CBS
0.2023,2017-12-02 08:33:04+00:00,0.909,0.0,0.091,52,BBC
0.0,2017-12-02 23:15:04+00:00,1.0,0.0,0.0,52,CNN
-0.4215,2017-11-29 23:51:30+00:00,0.726,0.197,0.077,52,fox
0.0,2017-12-02 23:36:09+00:00,1.0,0.0,0.0,52,nytimes
0.4767,2017-12-02 08:05:04+00:00,0.709,0.0,0.291,51,BBC
-0.7269,2017-12-02 23:26:05+00:00,0.705,0.295,0.0,51,nytimes
0.8513,2017-11-30 03:35:13+00:00,0.458,0.0,0.542,51,CBS
-0.1027,2017-12-02 23:00:16+00:00,0.931,0.069,0.0,51,CNN
0.0,2017-11-29 23:47:37+00:00,1.0,0.0,0.0,51,fox
-0.5574,2017-12-02 22:45:06+00:00,0.753,0.247,0.0,50,CNN
0.0,2017-12-02 23:16:04+00:00,1.0,0.0,0.0,50,nytimes
0.0,2017-11-29 23:42:09+00:00,1.0,0.0,0.0,50,fox
-0.2023,2017-12-02 07:34:05+00:00,0.913,0.087,0.0,50,BBC
0.7232,2017-11-30 03:33:32+00:00,0.698,0.0,0.302,50,CBS
-0.3818,2017-12-01 19:00:02+00:00,0.867,0.133,0.0,49,BBC
0.0,2017-11-29 23:34:46+00:00,1.0,0.0,0.0,49,fox
-0.4215,2017-12-02 23:06:06+00:00,0.872,0.128,0.0,49,nytimes
0.0,2017-11-30 03:23:03+00:00,1.0,0.0,0.0,49,CBS
0.0,2017-12-02 22:30:06+00:00,1.0,0.0,0.0,49,CNN
0.4522,2017-11-29 23:28:30+00:00,0.814,0.0,0.186,48,fox
0.0,2017-12-02 22:56:03+00:00,1.0,0.0,0.0,48,nytimes
0.8979,2017-11-30 03:11:31+00:00,0.557,0.049,0.394,48,CBS
0.4019,2017-12-02 22:15:07+00:00,0.816,0.0,0.184,48,CNN
0.0,2017-12-01 18:30:09+00:00,1.0,0.0,0.0,48,BBC
-0.5474,2017-11-29 23:24:52+00:00,0.586,0.414,0.0,47,fox
0.4404,2017-12-02 22:46:01+00:00,0.828,0.0,0.172,47,nytimes
0.0,2017-11-30 03:09:54+00:00,1.0,0.0,0.0,47,CBS
-0.4215,2017-12-02 22:00:05+00:00,0.833,0.167,0.0,47,CNN
0.5574,2017-12-01 18:01:03+00:00,0.816,0.0,0.184,47,BBC
0.6988,2017-11-30 03:07:20+00:00,0.548,0.0,0.452,46,CBS
-0.7096,2017-12-02 21:45:05+00:00,0.651,0.349,0.0,46,CNN
0.296,2017-12-02 22:36:01+00:00,0.879,0.0,0.121,46,nytimes
0.8591,2017-12-01 17:30:09+00:00,0.667,0.0,0.333,46,BBC
0.4404,2017-11-29 23:24:28+00:00,0.676,0.11,0.214,46,fox
0.4767,2017-12-01 17:18:28+00:00,0.807,0.0,0.193,45,BBC
0.8158,2017-11-29 23:18:23+00:00,0.401,0.0,0.599,45,fox
-0.8625,2017-12-02 21:30:14+00:00,0.484,0.516,0.0,45,CNN
0.4754,2017-12-02 22:26:05+00:00,0.721,0.0,0.279,45,nytimes
0.0,2017-11-30 03:06:38+00:00,1.0,0.0,0.0,45,CBS
0.7067,2017-11-30 03:03:15+00:00,0.754,0.0,0.246,44,CBS
0.0,2017-12-01 17:06:02+00:00,1.0,0.0,0.0,44,BBC
0.0,2017-12-02 22:16:02+00:00,1.0,0.0,0.0,44,nytimes
0.1779,2017-12-02 21:15:16+00:00,0.898,0.0,0.102,44,CNN
0.3182,2017-11-29 23:12:04+00:00,0.566,0.0,0.434,44,fox
0.0,2017-11-29 23:00:46+00:00,1.0,0.0,0.0,43,fox
0.0,2017-12-02 22:06:06+00:00,1.0,0.0,0.0,43,nytimes
0.4003,2017-12-01 16:30:03+00:00,0.828,0.0,0.172,43,BBC
0.0,2017-11-30 03:02:34+00:00,1.0,0.0,0.0,43,CBS
0.0,2017-12-02 21:00:10+00:00,1.0,0.0,0.0,43,CNN
0.7269,2017-11-29 22:43:57+00:00,0.643,0.0,0.357,42,fox
0.0,2017-12-01 16:03:06+00:00,1.0,0.0,0.0,42,BBC
0.0,2017-11-30 02:59:59+00:00,1.0,0.0,0.0,42,CBS
-0.296,2017-12-02 21:56:02+00:00,0.909,0.091,0.0,42,nytimes
-0.6369,2017-12-02 20:45:51+00:00,0.42,0.346,0.234,42,CNN
0.0,2017-12-01 15:31:05+00:00,1.0,0.0,0.0,41,BBC
0.6514,2017-11-30 02:45:03+00:00,0.842,0.0,0.158,41,CBS
0.0,2017-12-02 21:46:03+00:00,1.0,0.0,0.0,41,nytimes
0.7845,2017-11-29 22:42:03+00:00,0.566,0.0,0.434,41,fox
-0.4404,2017-12-02 20:30:38+00:00,0.861,0.139,0.0,41,CNN
0.0,2017-12-02 21:36:01+00:00,1.0,0.0,0.0,40,nytimes
0.0,2017-12-01 14:59:04+00:00,1.0,0.0,0.0,40,BBC
0.0,2017-11-29 22:32:40+00:00,1.0,0.0,0.0,40,fox
0.1139,2017-11-30 00:06:05+00:00,0.936,0.0,0.064,40,CBS
-0.5859,2017-12-02 20:15:04+00:00,0.774,0.226,0.0,40,CNN
0.1027,2017-12-01 14:28:33+00:00,0.748,0.117,0.136,39,BBC
0.2144,2017-11-29 21:40:38+00:00,0.902,0.0,0.098,39,fox
-0.5106,2017-12-02 20:00:55+00:00,0.807,0.193,0.0,39,CNN
0.6825,2017-11-29 23:20:13+00:00,0.772,0.0,0.228,39,CBS
0.0,2017-12-02 21:26:06+00:00,1.0,0.0,0.0,39,nytimes
0.0,2017-12-02 19:45:12+00:00,1.0,0.0,0.0,38,CNN
0.6461,2017-11-29 06:41:23+00:00,0.74,0.0,0.26,38,fox
0.5826,2017-11-29 23:15:24+00:00,0.848,0.0,0.152,38,CBS
-0.4019,2017-12-02 21:15:09+00:00,0.87,0.13,0.0,38,nytimes
-0.296,2017-12-01 14:00:07+00:00,0.885,0.115,0.0,38,BBC
-0.34,2017-12-02 19:30:05+00:00,0.833,0.167,0.0,37,CNN
0.0,2017-11-29 23:14:57+00:00,1.0,0.0,0.0,37,CBS
0.0,2017-12-01 13:31:02+00:00,1.0,0.0,0.0,37,BBC
0.0,2017-11-29 06:35:26+00:00,1.0,0.0,0.0,37,fox
-0.5574,2017-12-02 20:59:06+00:00,0.783,0.217,0.0,37,nytimes
0.5423,2017-12-01 13:00:08+00:00,0.8,0.0,0.2,36,BBC
0.0,2017-11-29 23:13:40+00:00,1.0,0.0,0.0,36,CBS
0.6478,2017-11-29 04:20:36+00:00,0.791,0.0,0.209,36,fox
-0.2263,2017-12-02 19:15:10+00:00,0.872,0.128,0.0,36,CNN
0.6072,2017-12-02 20:41:04+00:00,0.82,0.0,0.18,36,nytimes
0.4019,2017-11-29 01:26:16+00:00,0.876,0.0,0.124,35,fox
-0.6808,2017-12-02 20:26:05+00:00,0.752,0.248,0.0,35,nytimes
0.128,2017-12-02 19:00:13+00:00,0.592,0.189,0.219,35,CNN
-0.3818,2017-12-01 12:30:03+00:00,0.625,0.233,0.142,35,BBC
0.0,2017-11-29 22:34:56+00:00,1.0,0.0,0.0,35,CBS
0.4215,2017-12-02 20:11:04+00:00,0.865,0.0,0.135,34,nytimes
0.8151,2017-12-01 12:18:09+00:00,0.718,0.0,0.282,34,BBC
-0.4215,2017-12-02 18:45:09+00:00,0.763,0.237,0.0,34,CNN
0.5255,2017-11-29 01:24:53+00:00,0.841,0.0,0.159,34,fox
0.0,2017-11-29 21:07:33+00:00,1.0,0.0,0.0,34,CBS
0.0,2017-11-29 01:17:57+00:00,1.0,0.0,0.0,33,fox
0.4019,2017-12-02 18:30:02+00:00,0.847,0.0,0.153,33,CNN
0.4559,2017-11-29 20:41:13+00:00,0.858,0.0,0.142,33,CBS
0.5994,2017-12-01 12:03:01+00:00,0.769,0.0,0.231,33,BBC
-0.3818,2017-12-02 19:56:02+00:00,0.86,0.14,0.0,33,nytimes
0.0,2017-12-02 18:15:03+00:00,1.0,0.0,0.0,32,CNN
0.0,2017-12-01 11:34:46+00:00,1.0,0.0,0.0,32,BBC
0.8548,2017-11-29 01:15:30+00:00,0.657,0.0,0.343,32,fox
-0.7351,2017-12-02 19:41:03+00:00,0.733,0.267,0.0,32,nytimes
0.0,2017-11-29 15:00:07+00:00,1.0,0.0,0.0,32,CBS
-0.3182,2017-12-02 19:31:02+00:00,0.687,0.162,0.151,31,nytimes
-0.5994,2017-12-02 18:00:04+00:00,0.769,0.231,0.0,31,CNN
0.0,2017-11-29 01:14:28+00:00,1.0,0.0,0.0,31,fox
0.0,2017-12-01 11:02:10+00:00,1.0,0.0,0.0,31,BBC
0.6124,2017-11-29 12:00:06+00:00,0.8,0.0,0.2,31,CBS
0.4215,2017-11-28 06:01:23+00:00,0.882,0.0,0.118,30,fox
0.0,2017-12-02 17:45:05+00:00,1.0,0.0,0.0,30,CNN
0.4926,2017-11-29 09:09:48+00:00,0.842,0.0,0.158,30,CBS
0.6908,2017-12-02 19:21:03+00:00,0.563,0.095,0.342,30,nytimes
-0.2732,2017-12-01 10:34:22+00:00,0.798,0.122,0.08,30,BBC
0.6696,2017-11-29 08:39:05+00:00,0.809,0.0,0.191,29,CBS
0.7906,2017-11-28 04:35:27+00:00,0.704,0.0,0.296,29,fox
0.0,2017-12-02 19:06:06+00:00,1.0,0.0,0.0,29,nytimes
0.128,2017-12-02 17:30:04+00:00,0.842,0.0,0.158,29,CNN
0.5719,2017-12-01 10:30:07+00:00,0.829,0.0,0.171,29,BBC
0.0,2017-12-02 17:15:06+00:00,1.0,0.0,0.0,28,CNN
0.4019,2017-12-02 18:56:04+00:00,0.886,0.0,0.114,28,nytimes
-0.2263,2017-11-28 02:00:28+00:00,0.905,0.095,0.0,28,fox
0.6696,2017-11-29 08:22:35+00:00,0.817,0.0,0.183,28,CBS
0.5719,2017-12-01 10:00:05+00:00,0.821,0.0,0.179,28,BBC
0.0,2017-11-27 08:52:36+00:00,1.0,0.0,0.0,27,fox
0.296,2017-12-01 09:44:25+00:00,0.833,0.0,0.167,27,BBC
0.0,2017-12-02 18:46:02+00:00,1.0,0.0,0.0,27,nytimes
0.4201,2017-11-29 07:56:05+00:00,0.754,0.087,0.158,27,CBS
-0.1027,2017-12-02 17:00:06+00:00,0.931,0.069,0.0,27,CNN
0.0,2017-11-27 05:17:35+00:00,1.0,0.0,0.0,26,fox
0.5093,2017-12-01 09:02:06+00:00,0.829,0.0,0.171,26,BBC
0.0,2017-12-02 18:36:01+00:00,1.0,0.0,0.0,26,nytimes
0.5826,2017-11-29 06:41:12+00:00,0.848,0.0,0.152,26,CBS
-0.3818,2017-12-02 16:45:07+00:00,0.776,0.224,0.0,26,CNN
0.0,2017-12-01 08:44:23+00:00,1.0,0.0,0.0,25,BBC
0.0,2017-12-02 18:21:05+00:00,1.0,0.0,0.0,25,nytimes
-0.3597,2017-12-02 16:30:13+00:00,0.839,0.161,0.0,25,CNN
0.0,2017-11-27 01:50:27+00:00,1.0,0.0,0.0,25,fox
0.5106,2017-11-29 04:13:05+00:00,0.751,0.0,0.249,25,CBS
0.0,2017-12-02 18:06:05+00:00,1.0,0.0,0.0,24,nytimes
0.0,2017-12-01 08:44:13+00:00,1.0,0.0,0.0,24,BBC
0.4404,2017-12-02 16:15:05+00:00,0.828,0.0,0.172,24,CNN
0.25,2017-11-26 23:48:31+00:00,0.926,0.0,0.074,24,fox
0.9476,2017-11-29 04:02:16+00:00,0.551,0.0,0.449,24,CBS
-0.8519,2017-12-02 16:00:22+00:00,0.617,0.383,0.0,23,CNN
0.5859,2017-12-02 17:56:05+00:00,0.847,0.0,0.153,23,nytimes
-0.0772,2017-11-24 06:20:01+00:00,0.782,0.114,0.104,23,fox
0.6114,2017-12-01 08:43:21+00:00,0.501,0.0,0.499,23,BBC
0.6289,2017-11-29 04:00:58+00:00,0.629,0.0,0.371,23,CBS
0.7906,2017-12-02 15:45:09+00:00,0.696,0.0,0.304,22,CNN
0.0,2017-11-29 03:57:07+00:00,1.0,0.0,0.0,22,CBS
0.0,2017-12-02 17:46:01+00:00,1.0,0.0,0.0,22,nytimes
0.5267,2017-12-01 08:43:18+00:00,0.876,0.0,0.124,22,BBC
0.6696,2017-11-24 03:39:37+00:00,0.421,0.0,0.579,22,fox
0.0,2017-12-02 15:27:52+00:00,1.0,0.0,0.0,21,CNN
-0.5904,2017-11-29 03:56:08+00:00,0.742,0.258,0.0,21,CBS
0.0,2017-12-01 08:43:08+00:00,1.0,0.0,0.0,21,BBC
0.0,2017-11-24 03:30:58+00:00,1.0,0.0,0.0,21,fox
0.2263,2017-12-02 17:36:07+00:00,0.84,0.0,0.16,21,nytimes
0.0,2017-12-02 15:00:30+00:00,1.0,0.0,0.0,20,CNN
0.4404,2017-11-24 03:11:59+00:00,0.73,0.094,0.176,20,fox
0.0,2017-12-01 08:40:03+00:00,1.0,0.0,0.0,20,BBC
0.4215,2017-12-02 17:21:03+00:00,0.877,0.0,0.123,20,nytimes
0.4939,2017-11-29 03:53:09+00:00,0.775,0.0,0.225,20,CBS
0.0,2017-11-29 03:52:28+00:00,1.0,0.0,0.0,19,CBS
0.6249,2017-12-02 17:07:36+00:00,0.823,0.0,0.177,19,nytimes
0.7003,2017-11-24 01:31:56+00:00,0.147,0.0,0.853,19,fox
0.0,2017-12-01 08:20:04+00:00,1.0,0.0,0.0,19,BBC
0.8074,2017-12-02 14:55:33+00:00,0.722,0.0,0.278,19,CNN
0.5213,2017-12-01 08:00:06+00:00,0.786,0.0,0.214,18,BBC
0.0,2017-11-29 03:47:11+00:00,1.0,0.0,0.0,18,CBS
0.0,2017-12-02 14:45:04+00:00,1.0,0.0,0.0,18,CNN
-0.2732,2017-12-02 16:51:10+00:00,0.896,0.104,0.0,18,nytimes
0.6705,2017-11-24 01:23:35+00:00,0.496,0.092,0.411,18,fox
0.0,2017-12-02 16:48:14+00:00,1.0,0.0,0.0,17,nytimes
0.0,2017-11-29 03:45:32+00:00,1.0,0.0,0.0,17,CBS
0.0,2017-12-01 07:38:05+00:00,1.0,0.0,0.0,17,BBC
0.0,2017-11-24 00:39:28+00:00,1.0,0.0,0.0,17,fox
0.3818,2017-12-02 14:38:05+00:00,0.885,0.0,0.115,17,CNN
0.5994,2017-11-29 03:42:10+00:00,0.794,0.0,0.206,16,CBS
0.0,2017-12-02 14:30:51+00:00,1.0,0.0,0.0,16,CNN
0.0,2017-11-30 20:35:05+00:00,1.0,0.0,0.0,16,BBC
0.0,2017-11-24 00:26:44+00:00,1.0,0.0,0.0,16,fox
0.0772,2017-12-02 16:41:04+00:00,0.944,0.0,0.056,16,nytimes
0.0,2017-11-30 20:02:03+00:00,1.0,0.0,0.0,15,BBC
0.0,2017-11-29 03:39:21+00:00,1.0,0.0,0.0,15,CBS
-0.4404,2017-12-02 14:10:16+00:00,0.838,0.162,0.0,15,CNN
0.4522,2017-11-23 21:57:28+00:00,0.844,0.0,0.156,15,fox
-0.296,2017-12-02 16:26:06+00:00,0.804,0.196,0.0,15,nytimes
0.8878,2017-11-29 03:36:37+00:00,0.514,0.0,0.486,14,CBS
0.5423,2017-12-02 14:00:18+00:00,0.821,0.0,0.179,14,CNN
-0.0258,2017-12-02 16:11:06+00:00,0.791,0.136,0.073,14,nytimes
0.8832,2017-11-23 21:56:29+00:00,0.593,0.0,0.407,14,fox
0.0,2017-11-30 19:33:02+00:00,1.0,0.0,0.0,14,BBC
0.4215,2017-12-02 15:56:02+00:00,0.714,0.097,0.189,13,nytimes
-0.7845,2017-12-02 13:40:08+00:00,0.743,0.257,0.0,13,CNN
0.2263,2017-11-30 19:00:08+00:00,0.905,0.0,0.095,13,BBC
0.0,2017-11-29 03:34:35+00:00,1.0,0.0,0.0,13,CBS
0.5709,2017-11-23 21:49:05+00:00,0.802,0.0,0.198,13,fox
0.0,2017-12-02 15:48:27+00:00,1.0,0.0,0.0,12,nytimes
0.2716,2017-11-23 09:48:49+00:00,0.901,0.0,0.099,12,fox
0.0,2017-11-29 03:26:10+00:00,1.0,0.0,0.0,12,CBS
0.0,2017-11-30 18:33:03+00:00,1.0,0.0,0.0,12,BBC
-0.6478,2017-12-02 13:29:03+00:00,0.773,0.227,0.0,12,CNN
0.6369,2017-11-30 18:00:13+00:00,0.704,0.0,0.296,11,BBC
0.4199,2017-11-29 03:22:53+00:00,0.518,0.0,0.482,11,CBS
0.0,2017-11-23 07:02:44+00:00,1.0,0.0,0.0,11,fox
0.4019,2017-12-02 15:41:02+00:00,0.876,0.0,0.124,11,nytimes
0.0,2017-12-02 13:00:22+00:00,1.0,0.0,0.0,11,CNN
0.4003,2017-11-29 03:22:27+00:00,0.828,0.0,0.172,10,CBS
0.2263,2017-11-30 17:27:05+00:00,0.84,0.0,0.16,10,BBC
0.0,2017-12-02 15:26:01+00:00,1.0,0.0,0.0,10,nytimes
-0.4404,2017-12-02 12:30:21+00:00,0.854,0.146,0.0,10,CNN
0.0,2017-11-23 00:49:58+00:00,1.0,0.0,0.0,10,fox
0.5574,2017-11-23 00:36:42+00:00,0.783,0.0,0.217,9,fox
0.0,2017-11-30 17:00:18+00:00,1.0,0.0,0.0,9,BBC
0.0,2017-11-29 03:20:56+00:00,1.0,0.0,0.0,9,CBS
0.7574,2017-12-02 12:00:37+00:00,0.706,0.0,0.294,9,CNN
0.34,2017-12-02 15:12:04+00:00,0.893,0.0,0.107,9,nytimes
0.5994,2017-11-22 22:02:09+00:00,0.435,0.0,0.565,8,fox
0.2023,2017-12-02 15:02:01+00:00,0.909,0.0,0.091,8,nytimes
0.0,2017-11-29 03:18:45+00:00,1.0,0.0,0.0,8,CBS
0.7712,2017-11-30 16:46:25+00:00,0.749,0.0,0.251,8,BBC
0.0,2017-12-02 11:30:36+00:00,1.0,0.0,0.0,8,CNN
0.0,2017-12-02 11:01:08+00:00,1.0,0.0,0.0,7,CNN
0.0,2017-11-22 22:01:11+00:00,1.0,0.0,0.0,7,fox
0.0,2017-12-02 14:41:01+00:00,1.0,0.0,0.0,7,nytimes
0.6155,2017-11-29 03:16:50+00:00,0.713,0.0,0.287,7,CBS
0.5719,2017-11-30 16:32:03+00:00,0.709,0.0,0.291,7,BBC
0.0,2017-12-02 10:30:21+00:00,1.0,0.0,0.0,6,CNN
0.0,2017-12-02 14:21:01+00:00,1.0,0.0,0.0,6,nytimes
0.7269,2017-11-30 16:25:30+00:00,0.549,0.106,0.345,6,BBC
0.5719,2017-11-29 03:11:29+00:00,0.448,0.0,0.552,6,CBS
0.6423,2017-11-22 21:52:24+00:00,0.529,0.159,0.313,6,fox
0.4404,2017-12-02 14:01:08+00:00,0.854,0.0,0.146,5,nytimes
0.0,2017-11-29 03:10:51+00:00,1.0,0.0,0.0,5,CBS
-0.3612,2017-12-02 10:00:21+00:00,0.872,0.128,0.0,5,CNN
0.4767,2017-11-30 16:25:14+00:00,0.796,0.0,0.204,5,BBC
0.5983,2017-11-22 09:08:38+00:00,0.836,0.0,0.164,5,fox
0.0,2017-11-30 16:25:02+00:00,1.0,0.0,0.0,4,BBC
-0.6369,2017-12-02 13:41:05+00:00,0.822,0.178,0.0,4,nytimes
-0.296,2017-12-02 09:30:15+00:00,0.539,0.235,0.225,4,CNN
0.0,2017-11-22 09:08:35+00:00,1.0,0.0,0.0,4,fox
0.0,2017-11-29 03:07:06+00:00,1.0,0.0,0.0,4,CBS
-0.6597,2017-11-29 03:04:59+00:00,0.672,0.328,0.0,3,CBS
-0.4215,2017-12-02 13:21:02+00:00,0.763,0.237,0.0,3,nytimes
0.0,2017-11-22 09:07:04+00:00,1.0,0.0,0.0,3,fox
0.0,2017-11-30 16:23:02+00:00,1.0,0.0,0.0,3,BBC
-0.2023,2017-12-02 09:00:27+00:00,0.921,0.079,0.0,3,CNN
0.0,2017-11-29 02:56:00+00:00,1.0,0.0,0.0,2,CBS
0.8588,2017-11-22 09:05:48+00:00,0.387,0.0,0.613,2,fox
0.6908,2017-12-02 08:29:07+00:00,0.749,0.0,0.251,2,CNN
0.5983,2017-11-30 16:22:48+00:00,0.755,0.0,0.245,2,BBC
0.0,2017-12-02 13:02:06+00:00,1.0,0.0,0.0,2,nytimes
0.0,2017-11-22 09:05:07+00:00,1.0,0.0,0.0,1,fox
0.4574,2017-11-29 02:53:04+00:00,0.88,0.0,0.12,1,CBS
0.0,2017-12-02 08:00:15+00:00,1.0,0.0,0.0,1,CNN
0.0,2017-11-30 16:02:14+00:00,1.0,0.0,0.0,1,BBC
0.6369,2017-12-02 12:41:02+00:00,0.588,0.0,0.412,1,nytimes
